{
"lengthUnit": "mil",
"components": {
	"fields": ["COMPONENT_NO", "COMPONENT_NAME", "LAYER", "X_COORDINATE", "Y_COORDINATE", "ANGLE"],
	"rows": [
		[1, "C1", "T", 259.57, -123, 0],
		[2, "C2", "T", 264.57, -43, 0],
		[3, "C3", "T", 279.57, -393, 0],
		[4, "C6", "T", 473.01, -1187.03, 270],
		[5, "C13", "T", 1086.03, -1006.8, 90],
		[6, "C14", "T", 1416.03, -716.8, 180],
		[7, "C15", "T", 1261.03, -1006.8, 90],
		[8, "C16", "T", 1416.03, -646.8, 180],
		[9, "C17", "T", 1195, -415, 180],
		[10, "C18", "T", 1320, -415, 0],
		[11, "C19", "T", 388.01, -992.03, 270],
		[12, "C20", "T", 658.01, -1222.03, 270],
		[13, "C21", "T", 573.01, -1187.03, 270],
		[14, "C22", "T", 738.01, -1222.03, 270],
		[15, "C23", "T", 1336.03, -1006.8, 270],
		[16, "C24", "T", 1245, -1235, 90],
		[17, "C25", "T", 975, -1235, 90],
		[18, "C26", "T", 1315, -1235, 90],
		[19, "C27", "T", 1455, -1235, 90],
		[20, "J1", "T", 1191.9, -1651.56, 0],
		[21, "L2", "T", 568.01, -987.03, 180],
		[22, "LED1", "T", 695, -550, 90],
		[23, "LED2", "T", 395, -625, 270],
		[24, "LED3", "T", 987.23, -164.73, 0],
		[25, "LED4", "T", 984.43, -234.73, 0],
		[26, "LED5", "T", 620, -555, 270],
		[27, "LED6", "T", 539.57, -553, 270],
		[28, "LED7", "T", 279.57, -258, 180],
		[29, "LED8", "T", 524.57, -818, 0],
		[30, "LED9", "T", 464.57, -628, 90],
		[31, "R1", "T", 279.57, -198, 0],
		[32, "R5", "T", 279.57, -318, 180],
		[33, "R6", "T", 299.57, -488, 270],
		[34, "R7", "T", 209.57, -488, 270],
		[35, "R8", "T", 129.57, -488, 270],
		[36, "R9", "T", 672.29, -1864.14, 90],
		[37, "R10", "T", 380, -1885, 90],
		[38, "R11", "T", 672.29, -1708.46, 270],
		[39, "R12", "T", 382.29, -1758.46, 270],
		[40, "R13", "T", 387.29, -1628.46, 90],
		[41, "R14", "T", 677.29, -2169.14, 90],
		[42, "R15", "T", 385, -2150, 90],
		[43, "R16", "T", 1191.03, -1006.8, 90],
		[44, "R17", "T", 1416.03, -581.8, 180],
		[45, "R18", "T", 846.03, -781.8, 180],
		[46, "R19", "T", 846.03, -726.8, 180],
		[47, "R20", "T", 846.03, -666.8, 180],
		[48, "R21", "T", 846.03, -606.8, 180],
		[49, "R22", "T", 846.03, -551.8, 180],
		[50, "R23", "T", 966.03, -446.8, 90],
		[51, "R24", "T", 1026.03, -446.8, 90],
		[52, "R25", "T", 1111.03, -446.8, 90],
		[53, "R26", "T", 878.53, -879.3, 90],
		[54, "R27", "T", 818.53, -879.3, 90],
		[55, "R28", "T", 758.53, -879.3, 90],
		[56, "R29", "T", 878.53, -999.3, 90],
		[57, "R30", "T", 818.53, -999.3, 90],
		[58, "R31", "T", 758.53, -999.3, 90],
		[59, "R32", "T", 1230, -475, 180],
		[60, "R33", "T", 800, -1890, 270],
		[61, "R34", "T", 800, -2025, 270],
		[62, "R35", "T", 1045, -1235, 270],
		[63, "R36", "T", 1110, -1235, 270],
		[64, "R37", "T", 1175, -1235, 270],
		[65, "R38", "T", 905, -1235, 270],
		[66, "R39", "T", 1385, -1235, 270],
		[67, "U1", "T", 632.6, -231.56, 0],
		[68, "U3", "T", 689.57, -688, 270],
		[69, "U4", "T", 400, -770, 90],
		[70, "U5", "T", 990, -65, 180],
		[71, "U6", "T", 994.57, -318, 180],
		[72, "U7", "T", 614.57, -688, 90],
		[73, "U8", "T", 539.57, -688, 90],
		[74, "U9", "T", 175, -265, 90],
		[75, "U10", "T", 664.57, -813, 180],
		[76, "U11", "T", 429.57, -528, 0],
		[77, "U12", "T", 527.29, -1783.46, 180],
		[78, "U13", "T", 530, -2085, 180],
		[79, "U14", "T", 1137.93, -725.36, 0],
		[80, "U15", "T", 570.64, -1456.16, 90],
		[81, "U16", "T", 175, -1360, 270],
		[82, "X1", "T", 1290, -285, 180]
	]
},
"pins": {
	"fields": ["PIN_NO", "PIN_NAME", "PIN_X", "PIN_Y", "LAYER", "PIN_TYPE", "NET_NAME", "NET_TYPE", "PAD_SHAPE", "PAD_SIZEX", "PAD_SIZEY", "HOLE_SIZE", "PAD_ANGLE"],
	"rows": [
		[1, "C1_1", 220.2, -123, "T", "SMD", "GND", "GND", "R", 55.51, 53.15, 0, 0],
		[2, "C1_2", 298.94, -123, "T", "SMD", "VCC3V3", "", "R", 55.51, 53.15, 0, 0],
		[3, "C2_1", 237.01, -43, "T", "SMD", "GND", "GND", "R", 31.5, 35.43, 0, 0],
		[4, "C2_2", 292.13, -43, "T", "SMD", "VCC3V3", "", "R", 31.5, 35.43, 0, 0],
		[5, "C3_1", 252.01, -393, "T", "SMD", "GND", "GND", "R", 31.5, 35.43, 0, 0],
		[6, "C3_2", 307.13, -393, "T", "SMD", "$1N1419", "", "R", 31.5, 35.43, 0, 0],
		[7, "C6_1", 473.01, -1147.66, "T", "SMD", "GND", "GND", "R", 55.51, 53.15, 0, 270],
		[8, "C6_2", 473.01, -1226.4, "T", "SMD", "+5V", "", "R", 55.51, 53.15, 0, 270],
		[9, "C13_1", 1086.03, -1034.36, "T", "SMD", "GND", "GND", "R", 31.5, 35.43, 0, 90],
		[10, "C13_2", 1086.03, -979.24, "T", "SMD", "VCCA3V3", "", "R", 31.5, 35.43, 0, 90],
		[11, "C14_1", 1443.59, -716.8, "T", "SMD", "GND", "GND", "R", 31.5, 35.43, 0, 180],
		[12, "C14_2", 1388.47, -716.8, "T", "SMD", "$1N11405", "", "R", 31.5, 35.43, 0, 180],
		[13, "C15_1", 1261.03, -1034.36, "T", "SMD", "GND", "GND", "R", 31.5, 35.43, 0, 90],
		[14, "C15_2", 1261.03, -979.24, "T", "SMD", "VCCA3V3", "", "R", 31.5, 35.43, 0, 90],
		[15, "C16_1", 1443.59, -646.8, "T", "SMD", "GND", "GND", "R", 31.5, 35.43, 0, 180],
		[16, "C16_2", 1388.47, -646.8, "T", "SMD", "$1N11486", "", "R", 31.5, 35.43, 0, 180],
		[17, "C17_1", 1222.56, -415, "T", "SMD", "XO", "", "R", 31.5, 35.43, 0, 180],
		[18, "C17_2", 1167.44, -415, "T", "SMD", "GND", "GND", "R", 31.5, 35.43, 0, 180],
		[19, "C18_1", 1292.44, -415, "T", "SMD", "XI", "", "R", 31.5, 35.43, 0, 0],
		[20, "C18_2", 1347.56, -415, "T", "SMD", "GND", "GND", "R", 31.5, 35.43, 0, 0],
		[21, "C19_1", 388.01, -964.47, "T", "SMD", "GND", "GND", "R", 31.5, 35.43, 0, 270],
		[22, "C19_2", 388.01, -1019.59, "T", "SMD", "+5V", "", "R", 31.5, 35.43, 0, 270],
		[23, "C20_1", 658.01, -1194.47, "T", "SMD", "GND", "GND", "R", 31.5, 35.43, 0, 270],
		[24, "C20_2", 658.01, -1249.59, "T", "SMD", "VCC3V3", "", "R", 31.5, 35.43, 0, 270],
		[25, "C21_1", 573.01, -1147.66, "T", "SMD", "GND", "GND", "R", 55.51, 53.15, 0, 270],
		[26, "C21_2", 573.01, -1226.4, "T", "SMD", "VCC3V3", "", "R", 55.51, 53.15, 0, 270],
		[27, "C22_1", 738.01, -1194.47, "T", "SMD", "GND", "GND", "R", 31.5, 35.43, 0, 270],
		[28, "C22_2", 738.01, -1249.59, "T", "SMD", "VCC3V3", "", "R", 31.5, 35.43, 0, 270],
		[29, "C23_1", 1336.03, -979.24, "T", "SMD", "VCCA3V3", "", "R", 31.5, 35.43, 0, 270],
		[30, "C23_2", 1336.03, -1034.36, "T", "SMD", "GND", "GND", "R", 31.5, 35.43, 0, 270],
		[31, "C24_1", 1245, -1262.56, "T", "SMD", "TCT", "", "R", 31.5, 35.43, 0, 90],
		[32, "C24_2", 1245, -1207.44, "T", "SMD", "GND", "GND", "R", 31.5, 35.43, 0, 90],
		[33, "C25_1", 975, -1262.56, "T", "SMD", "RXPNET", "", "R", 31.5, 35.43, 0, 90],
		[34, "C25_2", 975, -1207.44, "T", "SMD", "RXP", "", "R", 31.5, 35.43, 0, 90],
		[35, "C26_1", 1315, -1262.56, "T", "SMD", "RXNNET", "", "R", 31.5, 35.43, 0, 90],
		[36, "C26_2", 1315, -1207.44, "T", "SMD", "RXN", "", "R", 31.5, 35.43, 0, 90],
		[37, "C27_1", 1455, -1262.56, "T", "SMD", "RCT", "", "R", 31.5, 35.43, 0, 90],
		[38, "C27_2", 1455, -1207.44, "T", "SMD", "GND", "GND", "R", 31.5, 35.43, 0, 90],
		[39, "J1_1", 1016.7, -1480.1, "T", "DIP", "TXP", "", "R", 62.99, 62.99, 39.37, 0],
		[40, "J1_1", 1016.7, -1480.1, "B", "DIP", "TXP", "", "R", 62.99, 62.99, 39.37, 0],
		[41, "J1_2", 1066.7, -1380.1, "T", "DIP", "TXN", "", "C", 62.99, 62.99, 39.37, 0],
		[42, "J1_2", 1066.7, -1380.1, "B", "DIP", "TXN", "", "C", 62.99, 62.99, 39.37, 0],
		[43, "J1_3", 1116.7, -1480.1, "T", "DIP", "RXPNET", "", "C", 62.99, 62.99, 39.37, 0],
		[44, "J1_3", 1116.7, -1480.1, "B", "DIP", "RXPNET", "", "C", 62.99, 62.99, 39.37, 0],
		[45, "J1_4", 1166.7, -1380.1, "T", "DIP", "TCT", "", "C", 62.99, 62.99, 39.37, 0],
		[46, "J1_4", 1166.7, -1380.1, "B", "DIP", "TCT", "", "C", 62.99, 62.99, 39.37, 0],
		[47, "J1_5", 1216.7, -1480.1, "T", "DIP", "RCT", "", "C", 62.99, 62.99, 39.37, 0],
		[48, "J1_5", 1216.7, -1480.1, "B", "DIP", "RCT", "", "C", 62.99, 62.99, 39.37, 0],
		[49, "J1_6", 1266.7, -1380.1, "T", "DIP", "RXNNET", "", "C", 62.99, 62.99, 39.37, 0],
		[50, "J1_6", 1266.7, -1380.1, "B", "DIP", "RXNNET", "", "C", 62.99, 62.99, 39.37, 0],
		[51, "J1_7", 1316.7, -1480.1, "T", "DIP", "J1_7", "", "C", 62.99, 62.99, 39.37, 0],
		[52, "J1_7", 1316.7, -1480.1, "B", "DIP", "J1_7", "", "C", 62.99, 62.99, 39.37, 0],
		[53, "J1_8", 1366.7, -1380.1, "T", "DIP", "J1_8", "", "C", 62.99, 62.99, 39.37, 0],
		[54, "J1_8", 1366.7, -1380.1, "B", "DIP", "J1_8", "", "C", 62.99, 62.99, 39.37, 0],
		[55, "J1_9", 931.07, -1923.01, "T", "DIP", "$1N15667", "", "C", 70.87, 70.87, 43.31, 0],
		[56, "J1_9", 931.07, -1923.01, "B", "DIP", "$1N15667", "", "C", 70.87, 70.87, 43.31, 0],
		[57, "J1_10", 1031.07, -1923.01, "T", "DIP", "ACTLED", "", "C", 70.87, 70.87, 43.31, 0],
		[58, "J1_10", 1031.07, -1923.01, "B", "DIP", "ACTLED", "", "C", 70.87, 70.87, 43.31, 0],
		[59, "J1_11", 1352.73, -1923.01, "T", "DIP", "LINKLED", "", "C", 70.87, 70.87, 43.31, 0],
		[60, "J1_11", 1352.73, -1923.01, "B", "DIP", "LINKLED", "", "C", 70.87, 70.87, 43.31, 0],
		[61, "J1_12", 1452.73, -1923.01, "T", "DIP", "$1N15674", "", "C", 70.87, 70.87, 43.31, 0],
		[62, "J1_12", 1452.73, -1923.01, "B", "DIP", "$1N15674", "", "C", 70.87, 70.87, 43.31, 0],
		[63, "J1_SH1", 886.98, -1610.02, "T", "DIP", "GND", "GND", "C", 98.42, 98.42, 70.87, 0],
		[64, "J1_SH1", 886.98, -1610.02, "B", "DIP", "GND", "GND", "C", 98.42, 98.42, 70.87, 0],
		[65, "J1_SH2", 1496.82, -1610.02, "T", "DIP", "GND", "GND", "C", 98.42, 98.42, 70.87, 0],
		[66, "J1_SH2", 1496.82, -1610.02, "B", "DIP", "GND", "GND", "C", 98.42, 98.42, 70.87, 0],
		[67, "L2_1", 488.17, -987.03, "T", "SMD", "VCC3V3", "", "R", 55.12, 83.47, 0, 180],
		[68, "L2_2", 647.85, -987.03, "T", "SMD", "VCCA3V3", "", "R", 55.12, 83.47, 0, 180],
		[69, "LED1_1", 695.13, -581.48, "T", "SMD", "$1N2958", "", "R", 31.5, 31.5, 0, 180],
		[70, "LED1_2", 694.86, -518.52, "T", "SMD", "P5", "", "R", 31.5, 31.5, 0, 180],
		[71, "LED2_1", 394.87, -593.52, "T", "SMD", "GND", "GND", "R", 31.5, 31.5, 0, 0],
		[72, "LED2_2", 395.14, -656.48, "T", "SMD", "$1N3066", "", "R", 31.5, 31.5, 0, 0],
		[73, "LED3_1", 955.75, -164.86, "T", "SMD", "TX", "", "R", 31.5, 31.5, 0, 90],
		[74, "LED3_2", 1018.71, -164.59, "T", "SMD", "$1N3181", "", "R", 31.5, 31.5, 0, 90],
		[75, "LED4_1", 952.95, -234.86, "T", "SMD", "RX", "", "R", 31.5, 31.5, 0, 90],
		[76, "LED4_2", 1015.91, -234.59, "T", "SMD", "$1N3484", "", "R", 31.5, 31.5, 0, 90],
		[77, "LED5_1", 619.87, -523.52, "T", "SMD", "P1", "", "R", 31.5, 31.5, 0, 0],
		[78, "LED5_2", 620.14, -586.48, "T", "SMD", "$1N3569", "", "R", 31.5, 31.5, 0, 0],
		[79, "LED6_1", 539.44, -521.52, "T", "SMD", "P0", "", "R", 31.5, 31.5, 0, 0],
		[80, "LED6_2", 539.71, -584.48, "T", "SMD", "$1N3654", "", "R", 31.5, 31.5, 0, 0],
		[81, "LED7_1", 311.06, -257.87, "T", "SMD", "P2", "", "R", 31.5, 31.5, 0, 270],
		[82, "LED7_2", 248.1, -258.14, "T", "SMD", "$1N3739", "", "R", 31.5, 31.5, 0, 270],
		[83, "LED8_1", 493.09, -818.13, "T", "SMD", "P4", "", "R", 31.5, 31.5, 0, 90],
		[84, "LED8_2", 556.05, -817.86, "T", "SMD", "$1N3824", "", "R", 31.5, 31.5, 0, 90],
		[85, "LED9_1", 464.71, -659.48, "T", "SMD", "GND", "GND", "R", 31.5, 31.5, 0, 180],
		[86, "LED9_2", 464.44, -596.52, "T", "SMD", "$1N4019", "", "R", 31.5, 31.5, 0, 180],
		[87, "R1_1", 249.91, -198, "T", "SMD", "VCC3V3", "", "R", 31.75, 34.02, 0, 0],
		[88, "R1_2", 309.23, -198, "T", "SMD", "SPI_MISO", "", "R", 31.75, 34.02, 0, 0],
		[89, "R5_1", 309.23, -318, "T", "SMD", "$1N1419", "", "R", 31.75, 34.02, 0, 180],
		[90, "R5_2", 249.91, -318, "T", "SMD", "VCC3V3", "", "R", 31.75, 34.02, 0, 180],
		[91, "R6_1", 299.57, -458.34, "T", "SMD", "P4", "", "R", 31.75, 34.02, 0, 270],
		[92, "R6_2", 299.57, -517.66, "T", "SMD", "+5V", "", "R", 31.75, 34.02, 0, 270],
		[93, "R7_1", 209.57, -458.34, "T", "SMD", "P3", "", "R", 31.75, 34.02, 0, 270],
		[94, "R7_2", 209.57, -517.66, "T", "SMD", "+5V", "", "R", 31.75, 34.02, 0, 270],
		[95, "R8_1", 129.57, -458.34, "T", "SMD", "P2", "", "R", 31.75, 34.02, 0, 270],
		[96, "R8_2", 129.57, -517.66, "T", "SMD", "+5V", "", "R", 31.75, 34.02, 0, 270],
		[97, "R9_1", 672.29, -1893.8, "T", "SMD", "DMX_1_B", "", "R", 31.75, 34.02, 0, 90],
		[98, "R9_2", 672.29, -1834.48, "T", "SMD", "+5V", "", "R", 31.75, 34.02, 0, 90],
		[99, "R10_1", 380, -1914.66, "T", "SMD", "GND", "GND", "R", 31.75, 34.02, 0, 90],
		[100, "R10_2", 380, -1855.34, "T", "SMD", "DMX_1_A", "", "R", 31.75, 34.02, 0, 90],
		[101, "R11_1", 672.29, -1678.8, "T", "SMD", "P4", "", "R", 31.75, 34.02, 0, 270],
		[102, "R11_2", 672.29, -1738.12, "T", "SMD", "+5V", "", "R", 31.75, 34.02, 0, 270],
		[103, "R12_1", 382.29, -1728.8, "T", "SMD", "P3", "", "R", 31.75, 34.02, 0, 270],
		[104, "R12_2", 382.29, -1788.12, "T", "SMD", "+5V", "", "R", 31.75, 34.02, 0, 270],
		[105, "R13_1", 387.29, -1658.12, "T", "SMD", "P2", "", "R", 31.75, 34.02, 0, 90],
		[106, "R13_2", 387.29, -1598.8, "T", "SMD", "+5V", "", "R", 31.75, 34.02, 0, 90],
		[107, "R14_1", 677.29, -2198.8, "T", "SMD", "DMX_2_B", "", "R", 31.75, 34.02, 0, 90],
		[108, "R14_2", 677.29, -2139.48, "T", "SMD", "+5V", "", "R", 31.75, 34.02, 0, 90],
		[109, "R15_1", 385, -2179.66, "T", "SMD", "GND", "GND", "R", 31.75, 34.02, 0, 90],
		[110, "R15_2", 385, -2120.34, "T", "SMD", "DMX_2_A", "", "R", 31.75, 34.02, 0, 90],
		[111, "R16_1", 1191.03, -1036.46, "T", "SMD", "GND", "GND", "R", 31.75, 34.02, 0, 90],
		[112, "R16_2", 1191.03, -977.14, "T", "SMD", "$1N11096", "", "R", 31.75, 34.02, 0, 90],
		[113, "R17_1", 1445.69, -581.8, "T", "SMD", "GND", "GND", "R", 31.75, 34.02, 0, 180],
		[114, "R17_2", 1386.37, -581.8, "T", "SMD", "$1N11565", "", "R", 31.75, 34.02, 0, 180],
		[115, "R18_1", 875.69, -781.8, "T", "SMD", "$1N11862", "", "R", 31.75, 34.02, 0, 180],
		[116, "R18_2", 816.37, -781.8, "T", "SMD", "GND", "GND", "R", 31.75, 34.02, 0, 180],
		[117, "R19_1", 875.69, -726.8, "T", "SMD", "$1N11866", "", "R", 31.75, 34.02, 0, 180],
		[118, "R19_2", 816.37, -726.8, "T", "SMD", "GND", "GND", "R", 31.75, 34.02, 0, 180],
		[119, "R20_1", 875.69, -666.8, "T", "SMD", "$1N11871", "", "R", 31.75, 34.02, 0, 180],
		[120, "R20_2", 816.37, -666.8, "T", "SMD", "GND", "GND", "R", 31.75, 34.02, 0, 180],
		[121, "R21_1", 875.69, -606.8, "T", "SMD", "$1N11876", "", "R", 31.75, 34.02, 0, 180],
		[122, "R21_2", 816.37, -606.8, "T", "SMD", "GND", "GND", "R", 31.75, 34.02, 0, 180],
		[123, "R22_1", 875.69, -551.8, "T", "SMD", "$1N11881", "", "R", 31.75, 34.02, 0, 180],
		[124, "R22_2", 816.37, -551.8, "T", "SMD", "GND", "GND", "R", 31.75, 34.02, 0, 180],
		[125, "R23_1", 966.03, -476.46, "T", "SMD", "RESET", "", "R", 31.75, 34.02, 0, 90],
		[126, "R23_2", 966.03, -417.14, "T", "SMD", "VCC3V3", "", "R", 31.75, 34.02, 0, 90],
		[127, "R24_1", 1026.03, -476.46, "T", "SMD", "INT", "", "R", 31.75, 34.02, 0, 90],
		[128, "R24_2", 1026.03, -417.14, "T", "SMD", "VCC3V3", "", "R", 31.75, 34.02, 0, 90],
		[129, "R25_1", 1111.03, -476.46, "T", "SMD", "SPI_SCS", "", "R", 31.75, 34.02, 0, 90],
		[130, "R25_2", 1111.03, -417.14, "T", "SMD", "VCC3V3", "", "R", 31.75, 34.02, 0, 90],
		[131, "R26_1", 878.53, -908.96, "T", "SMD", "PMODE0", "", "R", 31.75, 34.02, 0, 90],
		[132, "R26_2", 878.53, -849.64, "T", "SMD", "VCC3V3", "", "R", 31.75, 34.02, 0, 90],
		[133, "R27_1", 818.53, -908.96, "T", "SMD", "PMODE1", "", "R", 31.75, 34.02, 0, 90],
		[134, "R27_2", 818.53, -849.64, "T", "SMD", "VCC3V3", "", "R", 31.75, 34.02, 0, 90],
		[135, "R28_1", 758.53, -908.96, "T", "SMD", "PMODE2", "", "R", 31.75, 34.02, 0, 90],
		[136, "R28_2", 758.53, -849.64, "T", "SMD", "VCC3V3", "", "R", 31.75, 34.02, 0, 90],
		[137, "R29_1", 878.53, -1028.96, "T", "SMD", "GND", "GND", "R", 31.75, 34.02, 0, 90],
		[138, "R29_2", 878.53, -969.64, "T", "SMD", "PMODE0", "", "R", 31.75, 34.02, 0, 90],
		[139, "R30_1", 818.53, -1028.96, "T", "SMD", "GND", "GND", "R", 31.75, 34.02, 0, 90],
		[140, "R30_2", 818.53, -969.64, "T", "SMD", "PMODE1", "", "R", 31.75, 34.02, 0, 90],
		[141, "R31_1", 758.53, -1028.96, "T", "SMD", "GND", "GND", "R", 31.75, 34.02, 0, 90],
		[142, "R31_2", 758.53, -969.64, "T", "SMD", "PMODE2", "", "R", 31.75, 34.02, 0, 90],
		[143, "R32_1", 1259.66, -475, "T", "SMD", "XI", "", "R", 31.75, 34.02, 0, 180],
		[144, "R32_2", 1200.34, -475, "T", "SMD", "XO", "", "R", 31.75, 34.02, 0, 180],
		[145, "R33_1", 800, -1860.34, "T", "SMD", "VCC3V3", "", "R", 31.75, 34.02, 0, 270],
		[146, "R33_2", 800, -1919.66, "T", "SMD", "$1N15667", "", "R", 31.75, 34.02, 0, 270],
		[147, "R34_1", 800, -1995.34, "T", "SMD", "VCC3V3", "", "R", 31.75, 34.02, 0, 270],
		[148, "R34_2", 800, -2054.66, "T", "SMD", "$1N15674", "", "R", 31.75, 34.02, 0, 270],
		[149, "R35_1", 1045, -1205.34, "T", "SMD", "VCCA3V3", "", "R", 31.75, 34.02, 0, 270],
		[150, "R35_2", 1045, -1264.66, "T", "SMD", "TXP", "", "R", 31.75, 34.02, 0, 270],
		[151, "R36_1", 1110, -1205.34, "T", "SMD", "VCCA3V3", "", "R", 31.75, 34.02, 0, 270],
		[152, "R36_2", 1110, -1264.66, "T", "SMD", "TXN", "", "R", 31.75, 34.02, 0, 270],
		[153, "R37_1", 1175, -1205.34, "T", "SMD", "VCCA3V3", "", "R", 31.75, 34.02, 0, 270],
		[154, "R37_2", 1175, -1264.66, "T", "SMD", "TCT", "", "R", 31.75, 34.02, 0, 270],
		[155, "R38_1", 905, -1205.34, "T", "SMD", "RXP", "", "R", 31.75, 34.02, 0, 270],
		[156, "R38_2", 905, -1264.66, "T", "SMD", "RCT", "", "R", 31.75, 34.02, 0, 270],
		[157, "R39_1", 1385, -1205.34, "T", "SMD", "RXN", "", "R", 31.75, 34.02, 0, 270],
		[158, "R39_2", 1385, -1264.66, "T", "SMD", "RCT", "", "R", 31.75, 34.02, 0, 270],
		[159, "U1_1", 400.32, -74.08, "T", "SMD", "GND", "GND", "R", 15.75, 31.5, 0, 90],
		[160, "U1_2", 400.32, -105.58, "T", "SMD", "GND", "GND", "R", 15.75, 31.5, 0, 90],
		[161, "U1_3", 400.32, -137.07, "T", "SMD", "VCC3V3", "", "R", 15.75, 31.5, 0, 90],
		[162, "U1_4", 400.32, -168.57, "T", "SMD", "U1_4", "", "R", 15.75, 31.5, 0, 90],
		[163, "U1_5", 400.32, -200.06, "T", "SMD", "SPI_MISO", "", "R", 15.75, 31.5, 0, 90],
		[164, "U1_6", 400.32, -231.56, "T", "SMD", "P2", "", "R", 15.75, 31.5, 0, 90],
		[165, "U1_7", 400.32, -263.06, "T", "SMD", "P3", "", "R", 15.75, 31.5, 0, 90],
		[166, "U1_8", 400.32, -294.55, "T", "SMD", "$1N1419", "", "R", 15.75, 31.5, 0, 90],
		[167, "U1_9", 400.32, -326.05, "T", "SMD", "U1_9", "", "R", 15.75, 31.5, 0, 90],
		[168, "U1_10", 400.32, -357.54, "T", "SMD", "U1_10", "", "R", 15.75, 31.5, 0, 90],
		[169, "U1_11", 400.32, -389.04, "T", "SMD", "GND", "GND", "R", 15.75, 31.5, 0, 90],
		[170, "U1_12", 443.62, -424.47, "T", "SMD", "P0", "", "R", 15.75, 31.5, 0, 180],
		[171, "U1_13", 475.12, -424.47, "T", "SMD", "P1", "", "R", 15.75, 31.5, 0, 180],
		[172, "U1_14", 506.62, -424.47, "T", "SMD", "GND", "GND", "R", 15.75, 31.5, 0, 180],
		[173, "U1_15", 538.11, -424.47, "T", "SMD", "U1_15", "", "R", 15.75, 31.5, 0, 180],
		[174, "U1_16", 569.61, -424.47, "T", "SMD", "SPI_SCS", "", "R", 15.75, 31.5, 0, 180],
		[175, "U1_17", 601.1, -424.47, "T", "SMD", "U1_17", "", "R", 15.75, 31.5, 0, 180],
		[176, "U1_18", 632.6, -424.47, "T", "SMD", "P4", "", "R", 15.75, 31.5, 0, 180],
		[177, "U1_19", 664.1, -424.47, "T", "SMD", "P5", "", "R", 15.75, 31.5, 0, 180],
		[178, "U1_20", 695.59, -424.47, "T", "SMD", "SPI_SCLK", "", "R", 15.75, 31.5, 0, 180],
		[179, "U1_21", 727.09, -424.47, "T", "SMD", "SPI_MOSI", "", "R", 15.75, 31.5, 0, 180],
		[180, "U1_22", 758.58, -424.47, "T", "SMD", "INT", "", "R", 15.75, 31.5, 0, 180],
		[181, "U1_23", 790.08, -424.47, "T", "SMD", "RESET", "", "R", 15.75, 31.5, 0, 180],
		[182, "U1_24", 821.58, -424.47, "T", "SMD", "U1_24", "", "R", 15.75, 31.5, 0, 180],
		[183, "U1_25", 864.88, -389.04, "T", "SMD", "U1_25", "", "R", 15.75, 31.5, 0, 270],
		[184, "U1_26", 864.88, -357.54, "T", "SMD", "P18", "", "R", 15.75, 31.5, 0, 270],
		[185, "U1_27", 864.88, -326.05, "T", "SMD", "P19", "", "R", 15.75, 31.5, 0, 270],
		[186, "U1_28", 864.88, -294.55, "T", "SMD", "U1_28", "", "R", 15.75, 31.5, 0, 270],
		[187, "U1_29", 864.88, -263.06, "T", "SMD", "U1_29", "", "R", 15.75, 31.5, 0, 270],
		[188, "U1_30", 864.88, -231.56, "T", "SMD", "RX", "", "R", 15.75, 31.5, 0, 270],
		[189, "U1_31", 864.88, -200.06, "T", "SMD", "TX", "", "R", 15.75, 31.5, 0, 270],
		[190, "U1_32", 864.88, -168.57, "T", "SMD", "U1_32", "", "R", 15.75, 31.5, 0, 270],
		[191, "U1_33", 864.88, -137.07, "T", "SMD", "U1_33", "", "R", 15.75, 31.5, 0, 270],
		[192, "U1_34", 864.88, -105.58, "T", "SMD", "U1_34", "", "R", 15.75, 31.5, 0, 270],
		[193, "U1_35", 864.88, -74.08, "T", "SMD", "U1_35", "", "R", 15.75, 31.5, 0, 270],
		[194, "U1_36", 821.58, -38.65, "T", "SMD", "GND", "GND", "R", 15.75, 31.5, 0, 0],
		[195, "U1_37", 790.08, -38.65, "T", "SMD", "GND", "GND", "R", 15.75, 31.5, 0, 0],
		[196, "U1_38", 758.58, -38.65, "T", "SMD", "GND", "GND", "R", 15.75, 31.5, 0, 0],
		[197, "U1_39", 727.09, -38.65, "T", "SMD", "GND", "GND", "R", 15.75, 31.5, 0, 0],
		[198, "U1_40", 695.59, -38.65, "T", "SMD", "GND", "GND", "R", 15.75, 31.5, 0, 0],
		[199, "U1_41", 664.1, -38.65, "T", "SMD", "GND", "GND", "R", 15.75, 31.5, 0, 0],
		[200, "U1_42", 632.6, -38.65, "T", "SMD", "GND", "GND", "R", 15.75, 31.5, 0, 0],
		[201, "U1_43", 601.1, -38.65, "T", "SMD", "GND", "GND", "R", 15.75, 31.5, 0, 0],
		[202, "U1_44", 569.61, -38.65, "T", "SMD", "GND", "GND", "R", 15.75, 31.5, 0, 0],
		[203, "U1_45", 538.11, -38.65, "T", "SMD", "GND", "GND", "R", 15.75, 31.5, 0, 0],
		[204, "U1_46", 506.62, -38.65, "T", "SMD", "GND", "GND", "R", 15.75, 31.5, 0, 0],
		[205, "U1_47", 475.12, -38.65, "T", "SMD", "GND", "GND", "R", 15.75, 31.5, 0, 0],
		[206, "U1_48", 443.62, -38.65, "T", "SMD", "GND", "GND", "R", 15.75, 31.5, 0, 0],
		[207, "U1_49", 554.84, -153.8, "T", "SMD", "GND", "GND", "P", 57.09, 57.09, 0, 0],
		[208, "U1_49", 710.35, -309.32, "T", "SMD", "GND", "GND", "R", 57.09, 57.09, 0, 0],
		[209, "U1_49", 632.6, -309.32, "T", "SMD", "GND", "GND", "R", 57.09, 57.09, 0, 0],
		[210, "U1_49", 554.84, -309.32, "T", "SMD", "GND", "GND", "R", 57.09, 57.09, 0, 0],
		[211, "U1_49", 554.84, -231.56, "T", "SMD", "GND", "GND", "R", 57.09, 57.09, 0, 0],
		[212, "U1_49", 632.6, -153.81, "T", "SMD", "GND", "GND", "R", 57.09, 57.09, 0, 0],
		[213, "U1_49", 710.35, -153.81, "T", "SMD", "GND", "GND", "R", 57.09, 57.09, 0, 0],
		[214, "U1_49", 710.35, -231.56, "T", "SMD", "GND", "GND", "R", 57.09, 57.09, 0, 0],
		[215, "U1_49", 632.6, -231.56, "T", "SMD", "GND", "GND", "R", 57.09, 57.09, 0, 0],
		[216, "U1_50", 866.85, -36.68, "T", "SMD", "GND", "GND", "R", 27.56, 27.56, 0, 0],
		[217, "U1_51", 866.85, -426.44, "T", "SMD", "GND", "GND", "R", 27.56, 27.56, 0, 0],
		[218, "U1_52", 398.35, -426.44, "T", "SMD", "GND", "GND", "R", 27.56, 27.56, 0, 0],
		[219, "U1_53", 398.35, -36.68, "T", "SMD", "GND", "GND", "R", 27.56, 27.56, 0, 0],
		[220, "U3_1", 689.57, -648.63, "T", "SMD", "$1N2958", "", "R", 44.59, 54.21, 0, 270],
		[221, "U3_2", 689.57, -727.37, "T", "SMD", "GND", "GND", "R", 44.59, 54.21, 0, 270],
		[222, "U4_1", 400, -809.37, "T", "SMD", "VCC3V3", "", "R", 44.59, 54.21, 0, 90],
		[223, "U4_2", 400, -730.63, "T", "SMD", "$1N3066", "", "R", 44.59, 54.21, 0, 90],
		[224, "U5_1", 1029.37, -65, "T", "SMD", "VCC3V3", "", "R", 44.59, 54.21, 0, 180],
		[225, "U5_2", 950.63, -65, "T", "SMD", "$1N3181", "", "R", 44.59, 54.21, 0, 180],
		[226, "U6_1", 1033.94, -318, "T", "SMD", "VCC3V3", "", "R", 44.59, 54.21, 0, 180],
		[227, "U6_2", 955.2, -318, "T", "SMD", "$1N3484", "", "R", 44.59, 54.21, 0, 180],
		[228, "U7_1", 614.57, -727.37, "T", "SMD", "VCC3V3", "", "R", 44.59, 54.21, 0, 90],
		[229, "U7_2", 614.57, -648.63, "T", "SMD", "$1N3569", "", "R", 44.59, 54.21, 0, 90],
		[230, "U8_1", 539.57, -727.37, "T", "SMD", "VCC3V3", "", "R", 44.59, 54.21, 0, 90],
		[231, "U8_2", 539.57, -648.63, "T", "SMD", "$1N3654", "", "R", 44.59, 54.21, 0, 90],
		[232, "U9_1", 175, -304.37, "T", "SMD", "VCC3V3", "", "R", 44.59, 54.21, 0, 90],
		[233, "U9_2", 175, -225.63, "T", "SMD", "$1N3739", "", "R", 44.59, 54.21, 0, 90],
		[234, "U10_1", 703.94, -813, "T", "SMD", "VCC3V3", "", "R", 44.59, 54.21, 0, 180],
		[235, "U10_2", 625.2, -813, "T", "SMD", "$1N3824", "", "R", 44.59, 54.21, 0, 180],
		[236, "U11_1", 390.2, -528, "T", "SMD", "+5V", "", "R", 44.59, 54.21, 0, 0],
		[237, "U11_2", 468.94, -528, "T", "SMD", "$1N4019", "", "R", 44.59, 54.21, 0, 0],
		[238, "U12_1", 602.29, -1677.85, "T", "SMD", "P4", "", "O", 24.8, 73.42, 0, 180],
		[239, "U12_2", 552.29, -1677.85, "T", "SMD", "P3", "", "O", 24.8, 73.42, 0, 180],
		[240, "U12_3", 502.29, -1677.85, "T", "SMD", "P3", "", "O", 24.8, 73.42, 0, 180],
		[241, "U12_4", 452.29, -1677.85, "T", "SMD", "P2", "", "O", 24.8, 73.42, 0, 180],
		[242, "U12_5", 452.29, -1889.07, "T", "SMD", "GND", "GND", "O", 24.8, 73.42, 0, 180],
		[243, "U12_6", 502.29, -1889.07, "T", "SMD", "DMX_1_A", "", "O", 24.8, 73.42, 0, 180],
		[244, "U12_7", 552.29, -1889.07, "T", "SMD", "DMX_1_B", "", "O", 24.8, 73.42, 0, 180],
		[245, "U12_8", 602.29, -1889.07, "T", "SMD", "+5V", "", "O", 24.8, 73.42, 0, 180],
		[246, "U13_1", 605, -1979.39, "T", "SMD", "P4", "", "O", 24.8, 73.42, 0, 180],
		[247, "U13_2", 555, -1979.39, "T", "SMD", "P3", "", "O", 24.8, 73.42, 0, 180],
		[248, "U13_3", 505, -1979.39, "T", "SMD", "P3", "", "O", 24.8, 73.42, 0, 180],
		[249, "U13_4", 455, -1979.39, "T", "SMD", "P2", "", "O", 24.8, 73.42, 0, 180],
		[250, "U13_5", 455, -2190.61, "T", "SMD", "GND", "GND", "O", 24.8, 73.42, 0, 180],
		[251, "U13_6", 505, -2190.61, "T", "SMD", "DMX_2_A", "", "O", 24.8, 73.42, 0, 180],
		[252, "U13_7", 555, -2190.61, "T", "SMD", "DMX_2_B", "", "O", 24.8, 73.42, 0, 180],
		[253, "U13_8", 605, -2190.61, "T", "SMD", "+5V", "", "O", 24.8, 73.42, 0, 180],
		[254, "U14_1", 1029.66, -892.68, "T", "SMD", "TXN", "", "O", 10.63, 59.05, 0, 0],
		[255, "U14_2", 1049.35, -892.68, "T", "SMD", "TXP", "", "O", 10.63, 59.05, 0, 0],
		[256, "U14_3", 1069.03, -892.68, "T", "SMD", "GND", "GND", "O", 10.63, 59.05, 0, 0],
		[257, "U14_4", 1088.72, -892.68, "T", "SMD", "VCCA3V3", "", "O", 10.63, 59.05, 0, 0],
		[258, "U14_5", 1108.4, -892.68, "T", "SMD", "RXN", "", "O", 10.63, 59.05, 0, 0],
		[259, "U14_6", 1128.09, -892.68, "T", "SMD", "RXP", "", "O", 10.63, 59.05, 0, 0],
		[260, "U14_7", 1147.77, -892.68, "T", "SMD", "U14_7", "", "O", 10.63, 59.05, 0, 0],
		[261, "U14_8", 1167.46, -892.68, "T", "SMD", "VCCA3V3", "", "O", 10.63, 59.05, 0, 0],
		[262, "U14_9", 1187.14, -892.68, "T", "SMD", "GND", "GND", "O", 10.63, 59.05, 0, 0],
		[263, "U14_10", 1206.83, -892.68, "T", "SMD", "$1N11096", "", "O", 10.63, 59.05, 0, 0],
		[264, "U14_11", 1226.51, -892.68, "T", "SMD", "VCCA3V3", "", "O", 10.63, 59.05, 0, 0],
		[265, "U14_12", 1246.2, -892.68, "T", "SMD", "U14_12", "", "O", 10.63, 59.05, 0, 0],
		[266, "U14_13", 1305.25, -833.63, "T", "SMD", "U14_13", "", "O", 59.05, 10.63, 0, 0],
		[267, "U14_14", 1305.25, -813.94, "T", "SMD", "GND", "GND", "O", 59.05, 10.63, 0, 0],
		[268, "U14_15", 1305.25, -794.26, "T", "SMD", "VCCA3V3", "", "O", 59.05, 10.63, 0, 0],
		[269, "U14_16", 1305.25, -774.57, "T", "SMD", "GND", "GND", "O", 59.05, 10.63, 0, 0],
		[270, "U14_17", 1305.25, -754.89, "T", "SMD", "VCCA3V3", "", "O", 59.05, 10.63, 0, 0],
		[271, "U14_18", 1305.25, -735.2, "T", "SMD", "U14_18", "", "O", 59.05, 10.63, 0, 0],
		[272, "U14_19", 1305.25, -715.52, "T", "SMD", "GND", "GND", "O", 59.05, 10.63, 0, 0],
		[273, "U14_20", 1305.25, -695.83, "T", "SMD", "$1N11405", "", "O", 59.05, 10.63, 0, 0],
		[274, "U14_21", 1305.25, -676.15, "T", "SMD", "VCCA3V3", "", "O", 59.05, 10.63, 0, 0],
		[275, "U14_22", 1305.25, -656.46, "T", "SMD", "$1N11486", "", "O", 59.05, 10.63, 0, 0],
		[276, "U14_23", 1305.25, -636.78, "T", "SMD", "$1N11565", "", "O", 59.05, 10.63, 0, 0],
		[277, "U14_24", 1305.25, -617.09, "T", "SMD", "U14_24", "", "O", 59.05, 10.63, 0, 0],
		[278, "U14_25", 1246.2, -558.04, "T", "SMD", "LINKLED", "", "O", 10.63, 59.05, 0, 0],
		[279, "U14_26", 1226.51, -558.04, "T", "SMD", "U14_26", "", "O", 10.63, 59.05, 0, 0],
		[280, "U14_27", 1206.83, -558.04, "T", "SMD", "ACTLED", "", "O", 10.63, 59.05, 0, 0],
		[281, "U14_28", 1187.14, -558.04, "T", "SMD", "VCC3V3", "", "O", 10.63, 59.05, 0, 0],
		[282, "U14_29", 1167.46, -558.04, "T", "SMD", "GND", "GND", "O", 10.63, 59.05, 0, 0],
		[283, "U14_30", 1147.77, -558.04, "T", "SMD", "XI", "", "O", 10.63, 59.05, 0, 0],
		[284, "U14_31", 1128.09, -558.04, "T", "SMD", "XO", "", "O", 10.63, 59.05, 0, 0],
		[285, "U14_32", 1108.4, -558.04, "T", "SMD", "SPI_SCS", "", "O", 10.63, 59.05, 0, 0],
		[286, "U14_33", 1088.72, -558.04, "T", "SMD", "SPI_SCLK", "", "O", 10.63, 59.05, 0, 0],
		[287, "U14_34", 1069.03, -558.04, "T", "SMD", "SPI_MISO", "", "O", 10.63, 59.05, 0, 0],
		[288, "U14_35", 1049.35, -558.04, "T", "SMD", "SPI_MOSI", "", "O", 10.63, 59.05, 0, 0],
		[289, "U14_36", 1029.66, -558.04, "T", "SMD", "INT", "", "O", 10.63, 59.05, 0, 0],
		[290, "U14_37", 970.61, -617.09, "T", "SMD", "RESET", "", "O", 59.05, 10.63, 0, 0],
		[291, "U14_38", 970.61, -636.78, "T", "SMD", "$1N11881", "", "O", 59.05, 10.63, 0, 0],
		[292, "U14_39", 970.61, -656.46, "T", "SMD", "$1N11876", "", "O", 59.05, 10.63, 0, 0],
		[293, "U14_40", 970.61, -676.15, "T", "SMD", "$1N11871", "", "O", 59.05, 10.63, 0, 0],
		[294, "U14_41", 970.61, -695.83, "T", "SMD", "$1N11866", "", "O", 59.05, 10.63, 0, 0],
		[295, "U14_42", 970.61, -715.52, "T", "SMD", "$1N11862", "", "O", 59.05, 10.63, 0, 0],
		[296, "U14_43", 970.61, -735.2, "T", "SMD", "PMODE2", "", "O", 59.05, 10.63, 0, 0],
		[297, "U14_44", 970.61, -754.89, "T", "SMD", "PMODE1", "", "O", 59.05, 10.63, 0, 0],
		[298, "U14_45", 970.61, -774.57, "T", "SMD", "PMODE0", "", "O", 59.05, 10.63, 0, 0],
		[299, "U14_46", 970.61, -794.26, "T", "SMD", "U14_46", "", "O", 59.05, 10.63, 0, 0],
		[300, "U14_47", 970.61, -813.94, "T", "SMD", "U14_47", "", "O", 59.05, 10.63, 0, 0],
		[301, "U14_48", 970.61, -833.63, "T", "SMD", "GND", "GND", "O", 59.05, 10.63, 0, 0],
		[302, "U15_1", 661.19, -1334.16, "T", "SMD", "GND", "GND", "R", 43.31, 86.61, 0, 180],
		[303, "U15_2", 570.64, -1334.16, "T", "SMD", "VCC3V3", "", "R", 43.31, 86.61, 0, 180],
		[304, "U15_3", 480.09, -1334.16, "T", "SMD", "+5V", "", "R", 43.31, 86.61, 0, 180],
		[305, "U15_4", 570.64, -1578.16, "T", "SMD", "U15_4", "", "R", 86.61, 137.79, 0, 90],
		[306, "U16_1", 175, -671.02, "T", "DIP", "+5V", "", "C", 94.49, 94.49, 59.06, 270],
		[307, "U16_1", 175, -671.02, "B", "DIP", "+5V", "", "C", 94.49, 94.49, 59.06, 270],
		[308, "U16_2", 175, -867.88, "T", "DIP", "GND", "GND", "C", 94.49, 94.49, 59.06, 270],
		[309, "U16_2", 175, -867.88, "B", "DIP", "GND", "GND", "C", 94.49, 94.49, 59.06, 270],
		[310, "U16_3", 175, -1064.72, "T", "DIP", "GND", "GND", "C", 94.49, 94.49, 59.06, 270],
		[311, "U16_3", 175, -1064.72, "B", "DIP", "GND", "GND", "C", 94.49, 94.49, 59.06, 270],
		[312, "U16_4", 175, -1261.58, "T", "DIP", "DMX_1_A", "", "C", 94.49, 94.49, 59.06, 270],
		[313, "U16_4", 175, -1261.58, "B", "DIP", "DMX_1_A", "", "C", 94.49, 94.49, 59.06, 270],
		[314, "U16_5", 175, -1458.42, "T", "DIP", "DMX_1_B", "", "C", 94.49, 94.49, 59.06, 270],
		[315, "U16_5", 175, -1458.42, "B", "DIP", "DMX_1_B", "", "C", 94.49, 94.49, 59.06, 270],
		[316, "U16_6", 175, -1655.28, "T", "DIP", "GND", "GND", "C", 94.49, 94.49, 59.06, 270],
		[317, "U16_6", 175, -1655.28, "B", "DIP", "GND", "GND", "C", 94.49, 94.49, 59.06, 270],
		[318, "U16_7", 175, -1852.13, "T", "DIP", "DMX_2_A", "", "C", 94.49, 94.49, 59.06, 270],
		[319, "U16_7", 175, -1852.13, "B", "DIP", "DMX_2_A", "", "C", 94.49, 94.49, 59.06, 270],
		[320, "U16_8", 175, -2048.97, "T", "DIP", "DMX_2_B", "", "C", 94.49, 94.49, 59.06, 270],
		[321, "U16_8", 175, -2048.97, "B", "DIP", "DMX_2_B", "", "C", 94.49, 94.49, 59.06, 270],
		[322, "X1_1", 1386.06, -285, "T", "DIP", "XI", "", "R", 59.05, 59.05, 35.43, 180],
		[323, "X1_1", 1386.06, -285, "B", "DIP", "XI", "", "R", 59.05, 59.05, 35.43, 180],
		[324, "X1_2", 1193.94, -285, "T", "DIP", "XO", "", "C", 59.05, 59.05, 35.43, 180],
		[325, "X1_2", 1193.94, -285, "B", "DIP", "XO", "", "C", 59.05, 59.05, 35.43, 180]
	]
}
}